name,version,category
stencila/describe/block,0.1.0,all
stencila/edit/block,0.1.0,all
stencila/fix/block,0.1.0,all
stencila/create/code-chunk,0.1.0,all
stencila/create/figure-caption,0.1.0,all
stencila/create/figure-svg,0.1.0,all
stencila/create/figure-flowchart,0.1.0,all
stencila/create/figure-timeline,0.1.0,all
stencila/create/list-unordered,0.1.0,all
stencila/create/figure-code,0.1.0,all
stencila/create/math-block,0.1.0,all
stencila/create/table-caption,0.1.0,all
stencila/create/figure-dot,0.1.0,all
stencila/create/figure-sequence,0.1.0,all
stencila/create/figure-mermaid,0.1.0,all
stencila/create/paragraph,0.1.0,all
stencila/create/blocks,0.1.1,all
stencila/create/table-empty,0.1.0,all
stencila/create/table-code,0.1.0,all
stencila/create/list-ordered,0.1.0,all
stencila/create/quote-block,0.1.0,all
stencila/create/table-filled,0.1.0,all
